title,link,page,month,year
COMMERCIAL TRUCK GUIDELINES,https://discover.jdpa.com/hubfs/Files/Industry%20Campaigns/Valuation%20Services/12.2021_Commercial%20Truck%20Guidelines.pdf,1,Dec,2021
COMMERCIAL TRUCK GUIDELINES,https://discover.jdpa.com/hubfs/Files/Industry%20Campaigns/Valuation%20Services/04.2021_Commercial%20Truck%20Guidelines.pdf,1,Apr,2021
COMMERCIAL TRUCK GUIDELINES,https://discover.jdpa.com/hubfs/Files/Industry%20Campaigns/Valuation%20Services/06.2020_Commercial%20Truck%20Guidelines.pdf,1,Jun,2020
COMMERCIAL TRUCK GUIDELINES,https://discover.jdpa.com/hubfs/Files/Industry%20Campaigns/Valuation%20Services/09.2020_Commercial%20Truck%20Guidelines.pdf,1,Sep,2020
COMMERCIAL TRUCK GUIDELINES,https://discover.jdpa.com/hubfs/Files/Industry%20Campaigns/Valuation%20Services/10.2021_Commercial%20Truck%20Guidelines.pdf,1,Oct,2021
COMMERCIAL TRUCK GUIDELINES,https://discover.jdpa.com/hubfs/Files/Industry%20Campaigns/Valuation%20Services/02.2021_Commercial%20Truck%20Guidelines.pdf,1,Feb,2021
COMMERCIAL TRUCK GUIDELINES,https://discover.jdpa.com/hubfs/Files/Industry%20Campaigns/Valuation%20Services/01.2021_Commercial%20Truck%20Guidelines.pdf,1,Jan,2021
COMMERCIAL TRUCK GUIDELINES,https://discover.jdpa.com/hubfs/Files/Industry%20Campaigns/Valuation%20Services/07.2020_Commercial%20Truck%20Guidelines.pdf,1,Jul,2020
COMMERCIAL TRUCK GUIDELINES,https://discover.jdpa.com/hubfs/Files/Industry%20Campaigns/Valuation%20Services/11.2021_Commercial%20Truck%20Guidelines.pdf,1,Nov,2021
COMMERCIAL TRUCK GUIDELINES,https://discover.jdpa.com/hubfs/Files/Industry%20Campaigns/Valuation%20Services/09.2021_Commercial%20Truck%20Guidelines.pdf,2,Sep,2021
COMMERCIAL TRUCK GUIDELINES,https://discover.jdpa.com/hubfs/Files/Industry%20Campaigns/Valuation%20Services/08.2021_Commercial%20Truck%20Guidelines.pdf,2,Aug,2021
COMMERCIAL TRUCK GUIDELINES,https://discover.jdpa.com/hubfs/Files/Industry%20Campaigns/Valuation%20Services/07.2021_Commercial%20Truck%20Guidelines.pdf,2,Jul,2021
COMMERCIAL TRUCK GUIDELINES,https://discover.jdpa.com/hubfs/Files/Industry%20Campaigns/Valuation%20Services/06.2021_Commercial%20Truck%20Guidelines.pdf?utm_campaign=2019%20VS%20Guidelines&utm_medium=email&_hsmi=134004880&_hsenc=p2ANqtz-8cHMwux7WMWNIUF4xYyNS7gWckGESRPhwgOnRRosIk_bgOZ87srCwPG2pFCbqH4ruszUdEfbAy_e14JinWF4tMC9Vy8N1AL48cBucvahJY6QzymyQ&utm_content=134004880&utm_source=hs_email,2,Jun,2021
COMMERCIAL TRUCK GUIDELINES,https://discover.jdpa.com/hubfs/Files/Industry%20Campaigns/Valuation%20Services/03.2021_Commercial%20Truck%20Guidelines.pdf,2,Mar,2021
COMMERCIAL TRUCK GUIDELINES,https://discover.jdpa.com/hubfs/Files/Industry%20Campaigns/Valuation%20Services/01.2022_Commercial%20Truck%20Guidelines.pdf,2,Jan,2022
COMMERCIAL TRUCK GUIDELINES,https://discover.jdpa.com/hubfs/Files/Industry%20Campaigns/Valuation%20Services/08.2020_Commercial%20Truck%20Guidelines.pdf,2,Aug,2020
COMMERCIAL TRUCK GUIDELINES,https://discover.jdpa.com/hubfs/Files/Industry%20Campaigns/Valuation%20Services/05.2021_Commercial%20Truck%20Guidelines.pdf,2,May,2021
COMMERCIAL TRUCK GUIDELINES,https://discover.jdpa.com/hubfs/Files/Industry%20Campaigns/Valuation%20Services/10.2020_Commercial%20Truck%20Guidelines.pdf,2,Oct,2020
COMMERCIAL TRUCK GUIDELINES,https://discover.jdpa.com/hubfs/Files/Industry%20Campaigns/Valuation%20Services/05.2020_Commercial%20Truck%20Guidelines.pdf,2,May,2020
